TBL_ID,TBL_NM,ORG_ID,FREQUENCIES,START_PERIOD,END_PERIOD,PATH
DT_101Y001,"M2 상품별 구성내역(말잔, 계절조정계열)",301,M,,200409,통화금융통계 > 통화 및 유동성지표 > 통화 및 유동성지표(구) > M2(광의통화) > M2 상품별 구성내역(말잔)
DT_101Y002,"M2 상품별 구성내역(말잔, 원계열)",301,M,,200409,통화금융통계 > 통화 및 유동성지표 > 통화 및 유동성지표(구) > M2(광의통화) > M2 상품별 구성내역(말잔)
DT_101Y003,"M2 상품별 구성내역(평잔, 계절조정계열)",301,M,,200409,통화금융통계 > 통화 및 유동성지표 > 통화 및 유동성지표(구) > M2(광의통화) > M2 상품별 구성내역(평잔)
DT_101Y004,"M2 상품별 구성내역(평잔, 원계열)",301,M,,200409,통화금융통계 > 통화 및 유동성지표 > 통화 및 유동성지표(구) > M2(광의통화) > M2 상품별 구성내역(평잔)
DT_101Y005,"M2 경제주체별 보유현황(말잔, 계절조정계열)",301,M,,200409,통화금융통계 > 통화 및 유동성지표 > 통화 및 유동성지표(구) > M2(광의통화) > M2 경제주체별 보유현황(말잔)
DT_101Y006,"M2 경제주체별 보유현황(평잔, 계절조정계열)",301,M,,200409,통화금융통계 > 통화 및 유동성지표 > 통화 및 유동성지표(구) > M2(광의통화) > M2 경제주체별 보유현황(평잔)
DT_101Y007,M2 기관별구성내역(말잔),301,M,,200409,통화금융통계 > 통화 및 유동성지표 > 통화 및 유동성지표(구) > M2(광의통화) > M2 기관별 구성내역
DT_101Y008,M2 기관별구성내역(평잔),301,M,,200409,통화금융통계 > 통화 및 유동성지표 > 통화 및 유동성지표(구) > M2(광의통화) > M2 기관별 구성내역
DT_101Y009,예금취급기관 개관표(말잔),301,M,,200409,통화금융통계 > 통화 및 유동성지표 > 통화 및 유동성지표(구) > 예금취급기관 개관표
DT_101Y010,중앙은행 개관표(말잔),301,M,,200409,통화금융통계 > 통화 및 유동성지표 > 통화 및 유동성지표(구) > 예금취급기관 개관표
DT_101Y011,기타예금취급기관 개관표(말잔),301,M,,200409,통화금융통계 > 통화 및 유동성지표 > 통화 및 유동성지표(구) > 예금취급기관 개관표
DT_101Y014,"M2 경제주체별 보유현황(말잔, 원계열)",301,M,,200409,통화금융통계 > 통화 및 유동성지표 > 통화 및 유동성지표(구) > M2(광의통화) > M2 경제주체별 보유현황(말잔)
DT_101Y015,"M2 경제주체별 보유현황(평잔, 원계열)",301,M,,200409,통화금융통계 > 통화 및 유동성지표 > 통화 및 유동성지표(구) > M2(광의통화) > M2 경제주체별 보유현황(평잔)
DT_101Y016,"M1 상품별 구성내역(말잔, 계절조정계열)",301,M,,200409,통화금융통계 > 통화 및 유동성지표 > 통화 및 유동성지표(구) > M1(협의통화) > M1 상품별 구성내역(말잔)
DT_101Y017,"M1 상품별 구성내역(말잔, 원계열)",301,M,,200409,통화금융통계 > 통화 및 유동성지표 > 통화 및 유동성지표(구) > M1(협의통화) > M1 상품별 구성내역(말잔)
DT_101Y018,"M1 상품별 구성내역(평잔, 계절조정계열)",301,M,,200409,통화금융통계 > 통화 및 유동성지표 > 통화 및 유동성지표(구) > M1(협의통화) > M1 상품별 구성내역(평잔)
DT_101Y019,"M1 상품별 구성내역(평잔, 원계열)",301,M,,200409,통화금융통계 > 통화 및 유동성지표 > 통화 및 유동성지표(구) > M1(협의통화) > M1 상품별 구성내역(평잔)
DT_102Y001,"본원통화 구성내역(말잔, 원계열)",301,M,,202608,통화금융통계 > 통화 및 유동성지표 > 본원통화 > 본원통화 구성내역(말잔)
DT_102Y002,"본원통화 구성내역(평잔, 원계열)",301,M,,202608,통화금융통계 > 통화 및 유동성지표 > 본원통화 > 본원통화 구성내역(평잔)
DT_102Y003,"본원통화 구성내역(말잔, 계절조정계열)",301,M,,202607,통화금융통계 > 통화 및 유동성지표 > 본원통화 > 본원통화 구성내역(말잔)
DT_102Y004,"본원통화 구성내역(평잔, 계절조정계열)",301,M,,202607,통화금융통계 > 통화 및 유동성지표 > 본원통화 > 본원통화 구성내역(평잔)
DT_102Y101,"본원통화 구성내역(말잔, 원계열)",301,M,,200409,통화금융통계 > 통화 및 유동성지표 > 통화 및 유동성지표(구) > 본원통화 > 본원통화 구성내역(말잔)
DT_102Y102,"본원통화 구성내역(평잔, 원계열)",301,M,,200409,통화금융통계 > 통화 및 유동성지표 > 통화 및 유동성지표(구) > 본원통화 > 본원통화 구성내역(평잔)
DT_102Y103,"본원통화 구성내역(말잔, 계절조정계열)",301,M,,200409,통화금융통계 > 통화 및 유동성지표 > 통화 및 유동성지표(구) > 본원통화 > 본원통화 구성내역(말잔)
DT_102Y104,"본원통화 구성내역(평잔, 계절조정계열)",301,M,,200409,통화금융통계 > 통화 및 유동성지표 > 통화 및 유동성지표(구) > 본원통화 > 본원통화 구성내역(평잔)
DT_103Y002,한국은행 주요계정(말잔),301,M,,202607,통화금융통계 > 한국은행 주요계정 및 기준금리
DT_104Y008,"예금은행 원화예금(종별, 평잔)",301,M,,202607,통화금융통계 > 예금/대출금/기타금융 > 예금은행 수신 및 여신
DT_104Y009,"예금은행 원화예금(예금주별,말잔)",301,M,,202607,통화금융통계 > 예금/대출금/기타금융 > 예금은행 수신 및 여신
DT_104Y010,"예금은행 정기예금(기간별, 말잔)",301,M,,202607,통화금융통계 > 예금/대출금/기타금융 > 예금은행 수신 및 여신
DT_104Y013,예금은행 총수신(말잔),301,M,,202607,통화금융통계 > 예금/대출금/기타금융 > 예금은행 수신 및 여신
DT_104Y014,예금은행 총수신(평잔),301,M,,202607,통화금융통계 > 예금/대출금/기타금융 > 예금은행 수신 및 여신
DT_104Y015,"예금은행 원화예금(종별, 말잔)",301,M,,202607,통화금융통계 > 예금/대출금/기타금융 > 예금은행 수신 및 여신
DT_104Y016,예금은행 대출금(말잔),301,M,,202607,통화금융통계 > 예금/대출금/기타금융 > 예금은행 자금별 대출금
DT_104Y017,예금은행 예금회전율,301,M,,202607,통화금융통계 > 예금/대출금/기타금융 > 기타금융통계 > 예금규모별 계좌 및 금액
DT_105Y001,예금규모별 계좌수 및 금액,301,S,,202502,통화금융통계 > 예금/대출금/기타금융 > 기타금융통계 > 예금규모별 계좌 및 금액
DT_111Y001,"Lf 상품별 구성내역(말잔, 계절조정계열)",301,M,,200409,통화금융통계 > 통화 및 유동성지표 > 통화 및 유동성지표(구) > Lf(금융기관 유동성) > Lf 상품별 구성내역(말잔)
DT_111Y002,"Lf 상품별 구성내역(말잔, 원계열)",301,M,,200409,통화금융통계 > 통화 및 유동성지표 > 통화 및 유동성지표(구) > Lf(금융기관 유동성) > Lf 상품별 구성내역(말잔)
DT_111Y003,"Lf 상품별 구성내역(평잔, 계절조정계열)",301,M,,200409,통화금융통계 > 통화 및 유동성지표 > 통화 및 유동성지표(구) > Lf(금융기관 유동성) > Lf 상품별 구성내역(평잔)
DT_111Y004,"Lf 상품별 구성내역(평잔, 원계열)",301,M,,200409,통화금융통계 > 통화 및 유동성지표 > 통화 및 유동성지표(구) > Lf(금융기관 유동성) > Lf 상품별 구성내역(평잔)
DT_111Y007,비은행금융기관 수신(말잔),301,M,,202607,통화금융통계 > 예금/대출금/기타금융 > 비은행금융기관 수신 및 여신
DT_111Y008,비은행금융기관 수신(평잔),301,M,,202607,통화금융통계 > 예금/대출금/기타금융 > 비은행금융기관 수신 및 여신
DT_111Y009,비은행금융기관 여신(말잔),301,M,,202607,통화금융통계 > 예금/대출금/기타금융 > 비은행금융기관 수신 및 여신
DT_112Y001,"L(광의유동성) 구성내역(말잔, 계절조정계열)",301,M,,200409,통화금융통계 > 통화 및 유동성지표 > 통화 및 유동성지표(구) > L(광의유동성)
DT_112Y002,"L(광의유동성) 구성내역(말잔, 원계열)",301,M,,200409,통화금융통계 > 통화 및 유동성지표 > 통화 및 유동성지표(구) > L(광의유동성)
DT_121Y002,예금은행 수신금리(신규취급액 기준),301,M,,202607,통화금융통계 > 금리 > 예금은행 가중평균금리 > 수신금리
DT_121Y004,비은행금융기관 수신금리(신규취급액 기준),301,M,,202607,통화금융통계 > 금리 > 비은행기관 가중평균금리
DT_121Y006,예금은행 대출금리(신규취급액 기준),301,M,,202607,통화금융통계 > 금리 > 예금은행 가중평균금리 > 대출금리
DT_121Y007,비은행금융기관 대출금리(신규취급액 기준),301,M,,202607,통화금융통계 > 금리 > 비은행기관 가중평균금리
DT_121Y008,예금은행 금리수준별 여수신 비중(신규취급액 기준),301,M,,202607,통화금융통계 > 금리 > 예금은행 금리수준별 여수신 비중
DT_121Y010,예금은행 고정 및 변동금리대출 비중(신규취급액 기준),301,M,,202607,통화금융통계 > 금리 > 예금은행 고정 및 특정 금리연동대출
DT_121Y011,예금은행 고정 및 변동금리대출 비중(잔액 기준),301,M,,202607,통화금융통계 > 금리 > 예금은행 고정 및 특정 금리연동대출
DT_121Y013,예금은행 수신금리(잔액 기준),301,M,,202607,통화금융통계 > 금리 > 예금은행 가중평균금리 > 수신금리
DT_121Y015,예금은행 대출금리(잔액 기준),301,M,,202607,통화금융통계 > 금리 > 예금은행 가중평균금리 > 대출금리
DT_131Y010,"산업별대출금(예금은행, 기업형태별)",301,Q,,202602,통화금융통계 > 예금/대출금/기타금융 > 산업별대출금 > 예금은행
DT_131Y011,"산업별대출금(예금은행, 용도별)",301,Q,,202602,통화금융통계 > 예금/대출금/기타금융 > 산업별대출금 > 예금은행
DT_131Y013,"산업별대출금(예금은행, 전산업)",301,Q,,202602,통화금융통계 > 예금/대출금/기타금융 > 산업별대출금 > 예금은행
DT_131Y014,"산업별대출금(비은행예금취급기관, 전산업)",301,Q,,202602,통화금융통계 > 예금/대출금/기타금융 > 산업별대출금 > 비은행예금취급기관
DT_131Y015,"산업별대출금(비은행예금취급기관, 용도별)",301,Q,,202602,통화금융통계 > 예금/대출금/기타금융 > 산업별대출금 > 비은행예금취급기관
DT_131Y016,"산업별대출금(예금취급기관, 전산업)",301,Q,,202602,통화금융통계 > 예금/대출금/기타금융 > 산업별대출금 > 예금취급기관
DT_131Y017,"산업별대출금(예금취급기관, 용도별)",301,Q,,202602,통화금융통계 > 예금/대출금/기타금융 > 산업별대출금 > 예금취급기관
DT_131Y018,"산업별대출금(예금은행, 기업규모별)",301,Q,,202602,통화금융통계 > 예금/대출금/기타금융 > 산업별대출금 > 예금은행
DT_132Y001,"산업별대출금(예금은행, 지역별, 전산업)",301,Q,,202602,통화금융통계 > 예금/대출금/기타금융 > 산업별대출금 > 예금은행 지역별
DT_132Y003,"산업별대출금(예금은행, 지역별, 용도별)",301,Q,,202602,통화금융통계 > 예금/대출금/기타금융 > 산업별대출금 > 예금은행 지역별
DT_141Y002,예금은행 지역별 수신(말잔),301,M,,202606,통화금융통계 > 예금/대출금/기타금융 > 예금은행 수신 및 여신
DT_141Y003,예금은행 지역별 대출금(말잔),301,M,,202606,통화금융통계 > 예금/대출금/기타금융 > 예금은행 수신 및 여신
DT_141Y004,예금은행 지역별 기업대출(말잔),301,M,,202606,통화금융통계 > 예금/대출금/기타금융 > 예금은행 수신 및 여신
DT_141Y006,비은행금융기관 지역별 수신(말잔),301,M,,202606,통화금융통계 > 예금/대출금/기타금융 > 지역별 여수신 > 비은행금융기관 수신 및 여신
DT_141Y007,비은행금융기관 지역별 여신(말잔),301,M,,202606,통화금융통계 > 예금/대출금/기타금융 > 지역별 여수신 > 비은행금융기관 수신 및 여신
DT_141Y008,생명보험회사 지역별 수신(말잔),301,M,,202605,통화금융통계 > 예금/대출금/기타금융 > 지역별 여수신 > 생명보험회사 수신 및 여신
DT_141Y009,생명보험회사 지역별 여신(말잔),301,M,,202605,통화금융통계 > 예금/대출금/기타금융 > 지역별 여수신 > 생명보험회사 수신 및 여신
DT_141Y010,비은행금융기관 지역별 기업대출(말잔),301,M,,202606,통화금융통계 > 예금/대출금/기타금융 > 지역별 여수신 > 비은행금융기관 수신 및 여신
DT_151Y001,"가계신용(업권별, 분기)",301,Q,,202602,통화금융통계 > 예금/대출금/기타금융 > 가계신용
DT_151Y002,"예금취급기관 가계대출(업권별, 월)",301,M,,202607,통화금융통계 > 예금/대출금/기타금융 > 가계신용
DT_151Y003,예금은행 지역별 가계대출(말잔),301,M,,202606,통화금융통계 > 예금/대출금/기타금융 > 가계신용
DT_151Y004,"가계신용(용도별, 분기)",301,Q,,202602,통화금융통계 > 예금/대출금/기타금융 > 가계신용
DT_151Y005,"예금취급기관 가계대출(용도별, 월)",301,M,,202607,통화금융통계 > 예금/대출금/기타금융 > 가계신용
DT_151Y006,비은행금융기관 지역별 가계대출(말잔),301,M,,202606,통화금융통계 > 예금/대출금/기타금융 > 가계신용
DT_161Y001,"M1 상품별 구성내역(평잔, 계절조정계열)",301,M,,202607,통화금융통계 > 통화 및 유동성지표 > M1(협의통화) > M1 상품별 구성내역(평잔)
DT_161Y002,"M1 상품별 구성내역(평잔, 원계열)",301,M,,202607,통화금융통계 > 통화 및 유동성지표 > M1(협의통화) > M1 상품별 구성내역(평잔)
DT_161Y003,"M1 상품별 구성내역(말잔, 계절조정계열)",301,M,,202607,통화금융통계 > 통화 및 유동성지표 > M1(협의통화) > M1 상품별 구성내역(말잔)
DT_161Y004,"M1 상품별 구성내역(말잔, 원계열)",301,M,,202607,통화금융통계 > 통화 및 유동성지표 > M1(협의통화) > M1 상품별 구성내역(말잔)
DT_161Y005,"M2 상품별 구성내역(평잔, 계절조정계열)",301,M,,202607,통화금융통계 > 통화 및 유동성지표 > M2(광의통화) > M2 상품별 구성내역(평잔)
DT_161Y006,"M2 상품별 구성내역(평잔, 원계열)",301,M,,202607,통화금융통계 > 통화 및 유동성지표 > M2(광의통화) > M2 상품별 구성내역(평잔)
DT_161Y007,"M2 상품별 구성내역(말잔, 계절조정계열)",301,M,,202607,통화금융통계 > 통화 및 유동성지표 > M2(광의통화) > M2 상품별 구성내역(말잔)
DT_161Y008,"M2 상품별 구성내역(말잔, 원계열)",301,M,,202607,통화금융통계 > 통화 및 유동성지표 > M2(광의통화) > M2 상품별 구성내역(말잔)
DT_161Y009,"M2 경제주체별 보유현황(평잔, 계절조정계열)",301,M,,202607,통화금융통계 > 통화 및 유동성지표 > M2(광의통화) > M2 경제주체별 보유현황(평잔)
DT_161Y010,"M2 경제주체별 보유현황(평잔, 원계열)",301,M,,202607,통화금융통계 > 통화 및 유동성지표 > M2(광의통화) > M2 경제주체별 보유현황(평잔)
DT_161Y011,"M2 경제주체별 보유현황(말잔, 계절조정계열)",301,M,,202607,통화금융통계 > 통화 및 유동성지표 > M2(광의통화) > M2 경제주체별 보유현황(말잔)
DT_161Y012,"M2 경제주체별 보유현황(말잔, 원계열)",301,M,,202607,통화금융통계 > 통화 및 유동성지표 > M2(광의통화) > M2 경제주체별 보유현황(말잔)
DT_161Y013,M2 기관별 구성내역(평잔),301,M,,202607,통화금융통계 > 통화 및 유동성지표 > M2(광의통화) > M2 기관별 구성내역
DT_161Y014,M2 기관별 구성내역(말잔),301,M,,202607,통화금융통계 > 통화 및 유동성지표 > M2(광의통화) > M2 기관별 구성내역
DT_161Y015,예금취급기관 개관표(말잔),301,M,,202607,통화금융통계 > 통화 및 유동성지표 > 예금취급기관 개관표
DT_161Y016,중앙은행 개관표(말잔),301,M,,202608,통화금융통계 > 통화 및 유동성지표 > 예금취급기관 개관표
DT_161Y017,기타예금취급기관 개관표(말잔),301,M,,202607,통화금융통계 > 통화 및 유동성지표 > 예금취급기관 개관표
DT_171Y001,"Lf 상품별 구성내역(말잔, 계절조정계열)",301,M,,202607,통화금융통계 > 통화 및 유동성지표 > Lf(금융기관 유동성) > Lf 상품별 구성내역(말잔)
DT_171Y002,"Lf 상품별 구성내역(말잔, 원계열)",301,M,,202607,통화금융통계 > 통화 및 유동성지표 > Lf(금융기관 유동성) > Lf 상품별 구성내역(말잔)
DT_171Y003,"Lf 구성내역(평잔, 계절조정계열)",301,M,,202607,통화금융통계 > 통화 및 유동성지표 > Lf(금융기관 유동성) > Lf 상품별 구성내역(평잔)
DT_171Y004,"Lf 구성내역(평잔, 원계열)",301,M,,202607,통화금융통계 > 통화 및 유동성지표 > Lf(금융기관 유동성) > Lf 상품별 구성내역(평잔)
DT_172Y001,"L(광의유동성) 구성내역(말잔, 계절조정계열)",301,M,,202607,통화금융통계 > 통화 및 유동성지표 > L(광의유동성)
DT_172Y002,"L(광의유동성) 구성내역(말잔, 원계열)",301,M,,202607,통화금융통계 > 통화 및 유동성지표 > L(광의유동성)
DT_181Y001,차주당 가계대출 신규취급액,301,Q,,202602,통화금융통계 > 예금/대출금/기타금융 > 차주별 가계부채
DT_181Y002,차주당 가계대출 잔액,301,Q,,202602,통화금융통계 > 예금/대출금/기타금융 > 차주별 가계부채
DT_181Y003,연령별 지역별,301,Q,,202602,통화금융통계 > 예금/대출금/기타금융 > 차주별 가계부채 > 차주당 가계대출 신규취급액 (교차항목)
DT_181Y004,연령별 지역별,301,Q,,202602,통화금융통계 > 예금/대출금/기타금융 > 차주별 가계부채 > 차주당 가계대출 잔액 (교차항목)
DT_181Y005,연령별 업권별,301,Q,,202602,통화금융통계 > 예금/대출금/기타금융 > 차주별 가계부채 > 차주당 가계대출 신규취급액 (교차항목)
DT_181Y006,연령별 업권별,301,Q,,202602,통화금융통계 > 예금/대출금/기타금융 > 차주별 가계부채 > 차주당 가계대출 잔액 (교차항목)
DT_181Y007,연령별 상품별,301,Q,,202602,통화금융통계 > 예금/대출금/기타금융 > 차주별 가계부채 > 차주당 가계대출 신규취급액 (교차항목)
DT_181Y008,연령별 상품별,301,Q,,202602,통화금융통계 > 예금/대출금/기타금융 > 차주별 가계부채 > 차주당 가계대출 잔액 (교차항목)
DT_181Y009,상품별 업권별,301,Q,,202602,통화금융통계 > 예금/대출금/기타금융 > 차주별 가계부채 > 차주당 가계대출 신규취급액 (교차항목)
DT_181Y010,상품별 업권별,301,Q,,202602,통화금융통계 > 예금/대출금/기타금융 > 차주별 가계부채 > 차주당 가계대출 잔액 (교차항목)
DT_181Y011,차주당 주택담보대출 신규취급액,301,Q,,202602,통화금융통계 > 예금/대출금/기타금융 > 차주별 가계부채
DT_181Y012,차주당 주택담보대출 잔액,301,Q,,202602,통화금융통계 > 예금/대출금/기타금융 > 차주별 가계부채
DT_181Y013,가계대출 신규취급액 비중,301,Q,,202602,통화금융통계 > 예금/대출금/기타금융 > 차주별 가계부채
DT_181Y014,주택담보대출 잔액 비중,301,Q,,202602,통화금융통계 > 예금/대출금/기타금융 > 차주별 가계부채
DT_181Y015,주택담보대출 신규취급액 비중,301,Q,,202602,통화금융통계 > 예금/대출금/기타금융 > 차주별 가계부채
DT_181Y016,가계대출 잔액 비중,301,Q,,202602,통화금융통계 > 예금/대출금/기타금융 > 차주별 가계부채
DT_200Y101,주요지표(연간지표),301,Y,,2025,국민계정 > 국민계정(2020년기준) > 주요지표
DT_200Y102,주요지표(분기지표),301,Q,,202602,국민계정 > 국민계정(2020년기준) > 주요지표
DT_200Y103,"경제활동별 GDP 및 GNI(계절조정, 명목, 분기)",301,Q,,202602,"국민계정 > 국민계정(2020년기준) > 경제활동별, 지출항목별, 부가가치항목별 규모"
DT_200Y104,"경제활동별 GDP 및 GNI(계절조정, 실질, 분기)",301,Q,,202602,"국민계정 > 국민계정(2020년기준) > 경제활동별, 지출항목별, 부가가치항목별 규모"
DT_200Y105,"경제활동별 GDP 및 GNI(원계열, 명목, 분기 및 연간)",301,Q,,202602,"국민계정 > 국민계정(2020년기준) > 경제활동별, 지출항목별, 부가가치항목별 규모"
DT_200Y106,"경제활동별 GDP 및 GNI(원계열, 실질, 분기 및 연간)",301,Q,,202602,"국민계정 > 국민계정(2020년기준) > 경제활동별, 지출항목별, 부가가치항목별 규모"
DT_200Y107,"국내총생산에 대한 지출(계절조정, 명목, 분기)",301,Q,,202602,"국민계정 > 국민계정(2020년기준) > 경제활동별, 지출항목별, 부가가치항목별 규모"
DT_200Y108,"국내총생산에 대한 지출(계절조정, 실질, 분기)",301,Q,,202602,"국민계정 > 국민계정(2020년기준) > 경제활동별, 지출항목별, 부가가치항목별 규모"
DT_200Y109,"국내총생산에 대한 지출(원계열, 명목, 분기 및 연간)",301,Q,,202602,"국민계정 > 국민계정(2020년기준) > 경제활동별, 지출항목별, 부가가치항목별 규모"
DT_200Y110,"국내총생산에 대한 지출(원계열, 실질, 분기 및 연간)",301,Q,,202602,"국민계정 > 국민계정(2020년기준) > 경제활동별, 지출항목별, 부가가치항목별 규모"
DT_200Y111,경제활동별 국내총생산 디플레이터(분기 및 연간),301,Q,,202602,"국민계정 > 국민계정(2020년기준) > 경제활동별, 지출항목별, 부가가치항목별 규모"
DT_200Y112,국내총생산에 대한 지출 디플레이터(분기 및 연간),301,Q,,202602,"국민계정 > 국민계정(2020년기준) > 경제활동별, 지출항목별, 부가가치항목별 규모"
DT_200Y113,"국내총생산과 지출(명목, 연간)",301,Y,,2025,"국민계정 > 국민계정(2020년기준) > 생산 및 지출, 소득 및 처분, 자본거래, 국외거래(종합계정)"
DT_200Y114,"경제활동별 국내총부가가치와 요소소득(명목, 연간)",301,Y,,2024,"국민계정 > 국민계정(2020년기준) > 생산 및 지출, 소득 및 처분, 자본거래, 국외거래(종합계정)"
DT_200Y115,"국민처분가능소득과 처분(명목, 연간)",301,Y,,2025,"국민계정 > 국민계정(2020년기준) > 생산 및 지출, 소득 및 처분, 자본거래, 국외거래(종합계정)"
DT_200Y116,"국민소득과 부문별 국민처분가능소득(명목, 연간)",301,Y,,2025,"국민계정 > 국민계정(2020년기준) > 생산 및 지출, 소득 및 처분, 자본거래, 국외거래(종합계정)"
DT_200Y117,"자본거래(명목, 연간)",301,Y,,2025,"국민계정 > 국민계정(2020년기준) > 생산 및 지출, 소득 및 처분, 자본거래, 국외거래(종합계정)"
DT_200Y118,"경상거래(명목, 연간)",301,Y,,2025,"국민계정 > 국민계정(2020년기준) > 생산 및 지출, 소득 및 처분, 자본거래, 국외거래(종합계정)"
DT_200Y119,"자본거래(명목, 연간)",301,Y,,2025,"국민계정 > 국민계정(2020년기준) > 생산 및 지출, 소득 및 처분, 자본거래, 국외거래(종합계정)"
DT_200Y120,"제도부문별 생산계정(명목, 연간)",301,Y,,2024,"국민계정 > 국민계정(2020년기준) > 제도부문별 생산, 소득, 자본계정"
DT_200Y121,"제도부문별 소득계정(명목, 연간)",301,Y,,2025,"국민계정 > 국민계정(2020년기준) > 제도부문별 생산, 소득, 자본계정"
DT_200Y122,"제도부문별 자본계정(명목, 연간)",301,Y,,2025,"국민계정 > 국민계정(2020년기준) > 제도부문별 생산, 소득, 자본계정"
DT_200Y123,"경제활동별 성장기여도(계절조정, 실질, 분기)",301,Q,,202602,국민계정 > 국민계정(2020년기준) > GDP에 대한 성장기여도
DT_200Y124,"경제활동별 성장기여도(원계열, 실질, 분기 및 연간)",301,Q,,202602,국민계정 > 국민계정(2020년기준) > GDP에 대한 성장기여도
DT_200Y125,"지출항목별 성장기여도(계절조정, 실질, 분기)",301,Q,,202602,국민계정 > 국민계정(2020년기준) > GDP에 대한 성장기여도
DT_200Y126,"지출항목별 성장기여도(원계열, 실질, 분기 및 연간)",301,Q,,202602,국민계정 > 국민계정(2020년기준) > GDP에 대한 성장기여도
DT_200Y127,"자본재형태별 총자본형성(계절조정, 명목, 분기)",301,Q,,202602,국민계정 > 국민계정(2020년기준) > 총자본형성
DT_200Y128,"자본재형태별 총자본형성(계절조정, 실질, 분기)",301,Q,,202602,국민계정 > 국민계정(2020년기준) > 총자본형성
DT_200Y129,"자본재형태별 총자본형성(원계열, 명목, 분기 및 연간)",301,Q,,202602,국민계정 > 국민계정(2020년기준) > 총자본형성
DT_200Y130,"자본재형태별 총자본형성(원계열, 실질, 분기 및 연간)",301,Q,,202602,국민계정 > 국민계정(2020년기준) > 총자본형성
DT_200Y131,"주체별 총자본형성(원계열, 명목, 분기 및 연간)",301,Q,,202602,국민계정 > 국민계정(2020년기준) > 총자본형성
DT_200Y132,"주체별 총자본형성(원계열, 실질, 분기 및 연간)",301,Q,,202602,국민계정 > 국민계정(2020년기준) > 총자본형성
DT_200Y133,"주체별 총고정자본형성(계절조정, 명목, 분기)",301,Q,,202602,국민계정 > 국민계정(2020년기준) > 총자본형성
DT_200Y134,"주체별 총고정자본형성(계절조정, 실질, 분기)",301,Q,,202602,국민계정 > 국민계정(2020년기준) > 총자본형성
DT_200Y135,"경제활동별 총고정자본형성(명목, 연간)",301,Y,,2024,국민계정 > 국민계정(2020년기준) > 총자본형성
DT_200Y136,"경제활동별 총고정자본형성(실질, 연간)",301,Y,,2024,국민계정 > 국민계정(2020년기준) > 총자본형성
DT_200Y137,"경제활동별 자본재형태별 총고정자본형성(명목, 연간)",301,Y,,2024,국민계정 > 국민계정(2020년기준) > 총자본형성
DT_200Y138,"경제활동별 설비투자(명목, 연간)",301,Y,,2025,국민계정 > 국민계정(2020년기준) > 총자본형성
DT_200Y139,"경제활동별 설비투자(실질, 연간)",301,Y,,2025,국민계정 > 국민계정(2020년기준) > 총자본형성
DT_200Y140,"가계의 목적별 최종소비지출(계절조정, 명목, 분기)",301,Q,,202602,국민계정 > 국민계정(2020년기준) > 최종소비지출
DT_200Y141,"가계의 목적별 최종소비지출(계절조정, 실질, 분기)",301,Q,,202602,국민계정 > 국민계정(2020년기준) > 최종소비지출
DT_200Y142,"가계의 목적별 최종소비지출(원계열, 명목, 분기 및 연간)",301,Q,,202602,국민계정 > 국민계정(2020년기준) > 최종소비지출
DT_200Y143,"가계의 목적별 최종소비지출(원계열, 실질, 분기 및 연간)",301,Q,,202602,국민계정 > 국민계정(2020년기준) > 최종소비지출
DT_200Y144,"가계의 형태별 최종소비지출(계절조정, 명목, 분기)",301,Q,,202602,국민계정 > 국민계정(2020년기준) > 최종소비지출
DT_200Y145,"가계의 형태별 최종소비지출(계절조정, 실질, 분기)",301,Q,,202602,국민계정 > 국민계정(2020년기준) > 최종소비지출
DT_200Y146,"가계의 형태별 최종소비지출(원계열, 명목, 분기 및 연간)",301,Q,,202602,국민계정 > 국민계정(2020년기준) > 최종소비지출
DT_200Y147,"가계의 형태별 최종소비지출(원계열, 실질, 분기 및 연간)",301,Q,,202602,국민계정 > 국민계정(2020년기준) > 최종소비지출
DT_200Y148,"가계에 봉사하는 비영리단체의 목적별 최종소비지출(원계열, 명목, 분기 및 연간)",301,Q,,202602,국민계정 > 국민계정(2020년기준) > 최종소비지출
DT_200Y149,"가계에 봉사하는 비영리단체의 목적별 최종소비지출(원계열, 실질, 분기 및 연간)",301,Q,,202602,국민계정 > 국민계정(2020년기준) > 최종소비지출
DT_200Y151,"일반정부의 부문별 기능별 최종소비지출(명목, 연간)",301,Y,,2024,국민계정 > 국민계정(2020년기준) > 일반정부 및 공공부문계정
DT_200Y152,"일반정부의 부문별 기능별 총지출 (명목, 연간)",301,Y,,2024,국민계정 > 국민계정(2020년기준) > 일반정부 및 공공부문계정
DT_200Y153,"일반정부의 부문별 총수입, 총지출, 저축투자차액(명목, 연간)",301,Y,,2025,국민계정 > 국민계정(2020년기준) > 일반정부 및 공공부문계정
DT_200Y154,"공공부문의 부문별 총수입, 총지출, 저축투자차액(명목, 연간)",301,Y,,2024,국민계정 > 국민계정(2020년기준) > 일반정부 및 공공부문계정
DT_200Y155,"총저축과 총투자(계절조정, 명목, 분기)",301,Q,,202602,국민계정 > 국민계정(2020년기준) > 총저축과 총투자
DT_200Y156,"총저축과 총투자(원계열, 명목, 분기 및 연간)",301,Q,,202602,국민계정 > 국민계정(2020년기준) > 총저축과 총투자
DT_200Y157,"정보통신산업(계절조정, 실질, 분기)",301,Q,,202602,국민계정 > 국민계정(2020년기준) > 정보통신산업(실질)
DT_200Y158,"정보통신산업(원계열, 실질, 분기 및 연간)",301,Q,,202602,국민계정 > 국민계정(2020년기준) > 정보통신산업(실질)
DT_200Y160,"부가가치 항목별 명목 GDP(계절조정, 명목, 분기)",301,Q,,202602,"국민계정 > 국민계정(2020년기준) > 경제활동별, 지출항목별, 부가가치항목별 규모"
DT_200Y161,"부가가치 항목별 명목 GDP(원계열, 명목, 분기 및 연간)",301,Q,,202602,"국민계정 > 국민계정(2020년기준) > 경제활동별, 지출항목별, 부가가치항목별 규모"
DT_200Y162,"제도부문별 소득계정(명목, 분기)",301,Q,,202504,"국민계정 > 국민계정(2020년기준) > 제도부문별 생산, 소득, 자본계정"
DT_281Y001,금융거래표(2009~),301,Q,,202601,자금순환표 > 2008 SNA 기준
DT_281Y002,금융자산부채잔액표(2008~),301,Q,,202601,자금순환표 > 2008 SNA 기준
DT_281Y004,금융거래표(1975~2005),301,Q,,200504,자금순환표 > 1968 SNA 기준(1975~2005)
DT_281Y005,금융자산부채잔액표(1975~2005),301,Q,,200504,자금순환표 > 1968 SNA 기준(1975~2005)
DT_281Y006,금융거래표(2003~2013),301,Q,,201304,자금순환표 > 1993 SNA 기준(2002~2013)
DT_281Y007,금융자산부채잔액표(2002~),301,Q,,201304,자금순환표 > 1993 SNA 기준(2002~2013)
DT_282Y001,발행잔액(명목),301,Q,,202601,자금순환표 > 2008 SNA 기준 > 상세채권통계(2018~)
DT_282Y002,발행잔액(시가),301,Q,,202601,자금순환표 > 2008 SNA 기준 > 상세채권통계(2018~)
DT_282Y003,순발행액(시가),301,Q,,202601,자금순환표 > 2008 SNA 기준 > 상세채권통계(2018~)
DT_282Y004,보유잔액(시가),301,Q,,202601,자금순환표 > 2008 SNA 기준 > 상세채권통계(2018~)
DT_282Y005,순취득액(시가),301,Q,,202601,자금순환표 > 2008 SNA 기준 > 상세채권통계(2018~)
DT_282Y006,"채권발행-보유관계표(잔액, 시가)",301,Q,,202601,자금순환표 > 2008 SNA 기준 > 상세채권통계(2018~)
DT_284Y001,잔액표,301,,,,자금순환표 > 2008 SNA 기준 > 상세자금순환표(2018~)
DT_284Y002,거래표,301,,,,자금순환표 > 2008 SNA 기준 > 상세자금순환표(2018~)
DT_301Y013,국제수지,301,M,,202607,국제수지통계 > 국제수지
DT_301Y014,서비스무역세분류통계,301,M,,202607,국제수지통계 > 국제수지
DT_301Y015,지역별 경상수지,301,Y,,2025,국제수지통계 > 지역별 국제수지
DT_301Y016,지역별 자본수지/금융계정,301,Y,,2025,국제수지통계 > 지역별 국제수지
DT_301Y017,경상수지(계절조정),301,M,,202607,국제수지통계 > 국제수지
DT_303Y001,지역별 결제통화(수출),301,M,,202512,국제수지통계 > 국제수지 > 수출 결제통화
DT_303Y002,국가별 결제통화(수출),301,M,,202512,국제수지통계 > 국제수지 > 수출 결제통화
DT_303Y003,"지역별,국가별 원화결제(수출)",301,M,,202512,국제수지통계 > 국제수지 > 수출 결제통화
DT_303Y004,지역별 결제통화(수입),301,M,,202512,국제수지통계 > 국제수지 > 수입 결제통화
DT_303Y005,국가별 결제통화(수입),301,M,,202512,국제수지통계 > 국제수지 > 수입 결제통화
DT_303Y006,"지역별,국가별 원화결제(수입)",301,M,,202512,국제수지통계 > 국제수지 > 수입 결제통화
DT_304Y101,지식서비스 무역통계(유형별),301,Q,,202504,국제수지통계 > 국제수지 > 지식서비스 무역통계 > 지식서비스 무역통계 (일반분류)
DT_304Y102,지식서비스 무역통계(산업별),301,Q,,202504,국제수지통계 > 국제수지 > 지식서비스 무역통계 > 지식서비스 무역통계 (일반분류)
DT_304Y103,지식서비스 무역통계(기관형태별),301,Q,,202504,국제수지통계 > 국제수지 > 지식서비스 무역통계 > 지식서비스 무역통계 (일반분류)
DT_304Y104,지식서비스 무역통계(지역별),301,Q,,202504,국제수지통계 > 국제수지 > 지식서비스 무역통계 > 지식서비스 무역통계 (일반분류)
DT_304Y105,ICT 산업 특수분류(ICT산업별),301,Q,,202504,국제수지통계 > 국제수지 > 지식서비스 무역통계 > ICT 산업 특수분류
DT_304Y106,콘텐츠 산업 특수분류(콘텐츠산업별),301,Q,,202504,국제수지통계 > 국제수지 > 지식서비스 무역통계 > 콘텐츠 산업 특수분류
DT_304Y107,지식재산권 무역수지(유형별),301,Q,,202504,국제수지통계 > 국제수지 > 지식서비스 무역통계 > 지식재산권 무역수지
DT_311Y001,국제투자대조표(IIP),301,Q,,202602,국제투자대조표(IIP)
DT_311Y002,지역별 국제투자대조표,301,Y,,2025,국제투자대조표(IIP)
DT_311Y003,통화별 국제투자대조표,301,Y,,2025,국제투자대조표(IIP)
DT_311Y004,대외채무,301,Q,,202602,대외채무및대외채권
DT_311Y005,대외채권,301,Q,,202602,대외채무및대외채권
DT_311Y006,순대외채권,301,Q,,202602,대외채무및대외채권
DT_401Y015,수입물가지수(기본분류),301,M,,202608,수출입물가조사(2020=100) > 수입물가
DT_401Y016,수입물가지수(특수분류),301,M,,202608,수출입물가조사(2020=100) > 수입물가
DT_401Y017,수입물가지수(품목별),301,M,,202608,수출입물가조사(2020=100) > 수입물가
DT_401Y018,수입물가지수(용도별),301,M,,202608,수출입물가조사(2020=100) > 수입물가
DT_402Y014,수출물가지수(기본분류),301,M,,202608,수출입물가조사(2020=100) > 수출물가
DT_402Y015,수출물가지수(특수분류),301,M,,202608,수출입물가조사(2020=100) > 수출물가
DT_402Y016,수출물가지수(품목별),301,M,,202608,수출입물가조사(2020=100) > 수출물가
DT_403Y001,수출금액지수,301,M,,202608,수출입물가조사(2020=100) > 무역지수 및 교역조건지수
DT_403Y002,수출물량지수,301,M,,202608,수출입물가조사(2020=100) > 무역지수 및 교역조건지수
DT_403Y003,수입금액지수,301,M,,202608,수출입물가조사(2020=100) > 무역지수 및 교역조건지수
DT_403Y004,수입물량지수,301,M,,202608,수출입물가조사(2020=100) > 무역지수 및 교역조건지수
DT_403Y005,교역조건지수,301,M,,202608,수출입물가조사(2020=100) > 무역지수 및 교역조건지수
DT_404Y014,생산자물가지수(기본분류),301,M,,202607,생산자물가조사(2020=100)
DT_404Y015,생산자물가지수(특수분류),301,M,,202607,생산자물가조사(2020=100)
DT_404Y016,생산자물가지수(품목별),301,M,,202607,생산자물가조사(2020=100)
DT_404Y017,생산자물가지수-총지수(1910~1964),301,M,,196412,생산자물가조사(2020=100)
DT_405Y006,국내공급물가지수,301,M,,202607,생산자물가조사(2020=100)
DT_405Y007,총산출물가지수,301,M,,202607,생산자물가조사(2020=100)
DT_501Y001,"재무상태표(제11차 한국표준산업분류, 2009~)",301,Y,,2024,기업경영분석
DT_501Y002,"손익계산서(제11차 한국표준산업분류, 2009~)",301,Y,,2024,기업경영분석
DT_501Y003,"제조원가명세서(제11차 한국표준산업분류, 2009~)",301,Y,,2024,기업경영분석
DT_501Y004,"이익잉여금 처분계산서(제11차 한국표준산업분류, 2009~)",301,Y,,2024,기업경영분석
DT_501Y005,"성장성 지표(제11차 한국표준산업분류, 2009~)",301,Y,,2024,기업경영분석
DT_501Y006,"손익 지표(제11차 한국표준산업분류, 2009~)",301,Y,,2024,기업경영분석
DT_501Y007,"자산/자본 지표(제11차 한국표준산업분류, 2009~)",301,Y,,2024,기업경영분석
DT_501Y008,"자산/자본 회전율(제11차 한국표준산업분류, 2009~)",301,Y,,2024,기업경영분석
DT_501Y009,"생산성 지표(제11차 한국표준산업분류, 2009~)",301,Y,,2024,기업경영분석
DT_501Y010,"부가가치 구성(제11차 한국표준산업분류, 2009~)",301,Y,,2024,기업경영분석
DT_501Y013,현금흐름표(2012~),301,Y,,2024,기업경영분석
DT_501Y014,현금흐름관련 기타 주요 재무항목(2012~),301,Y,,2024,기업경영분석
DT_501Y015,현금흐름비율(2012~),301,Y,,2024,기업경영분석
DT_501Y017,기업경영분석지표(2007~2010),301,Y,,2010,기업경영분석 > 2008년~2010년
DT_501Y018,기업경영분석지표(~2007),301,Y,,2007,기업경영분석 > 2007년 이전
DT_501Y019,"성장성 지표(중소기업기본법, 2015~2016)",301,Y,,2016,기업경영분석
DT_501Y020,"성장성 지표(조세특례제한법, 2009~2014)",301,Y,,2014,기업경영분석 > 2009년~2014년 (조세특례제한법)
DT_501Y021,"성장성 지표(2007~2010, 표본조사)",301,Y,,2010,기업경영분석 > 2008년~2010년
DT_501Y022,"성장성 지표(1998~2007, 표본조사)",301,Y,,2008,기업경영분석 > 2007년 이전
DT_501Y023,"성장성 지표(1990~1997, 표본조사)",301,Y,,1997,기업경영분석 > 2007년 이전
DT_501Y024,"손익 지표(중소기업기본법, 2015~2016)",301,Y,,2016,기업경영분석
DT_501Y025,"손익 지표(조세특례제한법, 2009~2014)",301,Y,,2014,기업경영분석 > 2009년~2014년 (조세특례제한법)
DT_501Y026,"손익 지표(2007~2010, 표본조사)",301,Y,,2010,기업경영분석 > 2008년~2010년
DT_501Y027,"손익 지표(1998~2007, 표본조사)",301,Y,,2007,기업경영분석 > 2007년 이전
DT_501Y028,"손익 지표(1990~1997, 표본조사)",301,Y,,1997,기업경영분석 > 2007년 이전
DT_501Y029,"자산/자본 지표(중소기업기본법, 2015~2016)",301,Y,,2016,기업경영분석
DT_501Y030,"자산/자본 지표(조세특례제한법, 2009~2014)",301,Y,,2014,기업경영분석 > 2009년~2014년 (조세특례제한법)
DT_501Y031,"자산/자본 지표(2007~2010, 표본조사)",301,Y,,2010,기업경영분석 > 2008년~2010년
DT_501Y032,"자산/자본 지표(1998~2007, 표본조사)",301,Y,,2007,기업경영분석 > 2007년 이전
DT_501Y033,"자산/자본 지표(1990~1997, 표본조사)",301,Y,,1997,기업경영분석 > 2007년 이전
DT_501Y034,"자산/자본 회전율(중소기업기본법, 2015~2016)",301,Y,,2016,기업경영분석
DT_501Y035,"자산/자본 회전율(조세특례제한법, 2009~2014)",301,Y,,2014,기업경영분석 > 2009년~2014년 (조세특례제한법)
DT_501Y036,"자산/자본 회전율(2007~2010, 표본조사)",301,Y,,2010,기업경영분석 > 2008년~2010년
DT_501Y037,"자산/자본 회전율(1998~2007, 표본조사)",301,Y,,2007,기업경영분석 > 2007년 이전
DT_501Y038,"자산/자본 회전율(1990~1997, 표본조사)",301,Y,,1997,기업경영분석 > 2007년 이전
DT_501Y039,"생산성 지표(중소기업기본법, 2015~2016)",301,Y,,2016,기업경영분석
DT_501Y040,"생산성 지표(조세특례제한법, 2009~2014)",301,Y,,2014,기업경영분석 > 2009년~2014년 (조세특례제한법)
DT_501Y041,"생산성 지표(2007~2010, 표본조사)",301,Y,,2010,기업경영분석 > 2008년~2010년
DT_501Y042,"생산성 지표(2002~2007, 표본조사)",301,Y,,2007,기업경영분석 > 2007년 이전
DT_501Y043,"생산성 지표(1998~2006, 표본조사)",301,Y,,2006,기업경영분석 > 2007년 이전
DT_501Y044,"생산성 지표(1990~1997, 표본조사)",301,Y,,1997,기업경영분석 > 2007년 이전
DT_501Y049,"재무상태표(중소기업기본법, 2015~2016)",301,Y,,2016,기업경영분석
DT_501Y050,"재무상태표(조세특례제한법, 2009~2014)",301,Y,,2014,기업경영분석 > 2009년~2014년 (조세특례제한법)
DT_501Y051,"재무상태표(2008~2010, 표본조사)",301,Y,,2010,기업경영분석 > 2008년~2010년
DT_501Y052,"재무상태표(2000~2007, 표본조사)",301,Y,,2007,기업경영분석 > 2007년 이전
DT_501Y053,"재무상태표(1999, 표본조사)",301,Y,,1999,기업경영분석 > 2007년 이전
DT_501Y054,"재무상태표(1997~1998, 표본조사)",301,Y,,1998,기업경영분석 > 2007년 이전
DT_501Y055,"재무상태표(1990~1996, 표본조사)",301,Y,,1996,기업경영분석 > 2007년 이전
DT_501Y056,"손익계산서(중소기업기본법, 2015~2016)",301,Y,,2016,기업경영분석
DT_501Y057,"손익계산서(조세특례제한법, 2009~2014)",301,Y,,2014,기업경영분석 > 2009년~2014년 (조세특례제한법)
DT_501Y058,"손익계산서(2008~2010, 표본조사)",301,Y,,2010,기업경영분석 > 2008년~2010년
DT_501Y059,"손익계산서(2000~2007, 표본조사)",301,Y,,2007,기업경영분석 > 2007년 이전
DT_501Y060,"손익계산서(1999, 표본조사)",301,Y,,1999,기업경영분석 > 2007년 이전
DT_501Y061,"손익계산서(1997~1998, 표본조사)",301,Y,,1998,기업경영분석 > 2007년 이전
DT_501Y062,"손익계산서(1990~1996, 표본조사)",301,Y,,1996,기업경영분석 > 2007년 이전
DT_501Y063,"제조원가명세서(중소기업기본법, 2015~2016)",301,Y,,2016,기업경영분석
DT_501Y064,"제조원가명세서(조세특례제한법, 2009~2014)",301,Y,,2014,기업경영분석 > 2009년~2014년 (조세특례제한법)
DT_501Y065,"제조원가명세서(2007~2010, 표본조사)",301,Y,,2010,기업경영분석 > 2008년~2010년
DT_501Y066,"제조원가명세서(2000~2007, 표본조사)",301,Y,,2007,기업경영분석 > 2007년 이전
DT_501Y067,"제조원가명세서(1990~1999, 표본조사)",301,Y,,1999,기업경영분석 > 2007년 이전
DT_501Y068,"이익잉여금 처분계산서(중소기업기본법, 2015~2016)",301,Y,,2016,기업경영분석
DT_501Y069,"이익잉여금 처분계산서(조세특례제한법, 2009~2014)",301,Y,,2014,기업경영분석 > 2009년~2014년 (조세특례제한법)
DT_501Y070,"이익잉여금 처분계산서(2007~2010, 표본조사)",301,Y,,2010,기업경영분석 > 2008년~2010년
DT_501Y071,"이익잉여금 처분계산서(2000~2007, 표본조사)",301,Y,,2007,기업경영분석 > 2007년 이전
DT_501Y072,"이익잉여금 처분계산서(1990~1999, 표본조사)",301,Y,,1999,기업경영분석 > 2007년 이전
DT_501Y073,"부가가치 구성(중소기업기본법, 2015~2016)",301,Y,,2016,기업경영분석
DT_501Y074,"부가가치 구성(조세특례제한법, 2009~2014)",301,Y,,2014,기업경영분석 > 2009년~2014년 (조세특례제한법)
DT_501Y075,"부가가치 구성(2007~2010, 표본조사)",301,Y,,2010,기업경영분석 > 2008년~2010년
DT_501Y076,"부가가치 구성(2002~2007, 표본조사)",301,Y,,2007,기업경영분석 > 2007년 이전
DT_501Y077,"부가가치 구성(1998~2006, 표본조사)",301,Y,,2006,기업경영분석 > 2007년 이전
DT_501Y078,"부가가치 구성(1990~1997, 표본조사)",301,Y,,1997,기업경영분석 > 2007년 이전
DT_501Y079,현금흐름표(2008~2011),301,Y,,2011,기업경영분석 > 2008년~2010년
DT_501Y080,현금흐름표(1995~2007),301,Y,,2007,기업경영분석 > 2007년 이전
DT_501Y081,현금흐름관련 기타 주요 재무항목(2008~2011),301,Y,,2011,기업경영분석 > 2008년~2010년
DT_501Y082,현금흐름관련 기타 주요 재무항목(1995~2007),301,Y,,2007,기업경영분석 > 2007년 이전
DT_501Y083,현금흐름비율(2008~2011),301,Y,,2011,기업경영분석 > 2008년~2010년
DT_501Y084,현금흐름비율(1995~2007),301,Y,,2007,기업경영분석 > 2007년 이전
DT_501Y086,"분위수(제11차 한국표준산업분류, 2013~)",301,Y,,2024,기업경영분석
DT_511Y001,"소비자동향조사(전국, 분기, 1995.3/4~2008.2/4)",301,Q,,200802,소비자동향조사
DT_511Y002,"소비자동향조사(전국, 월, 2008.9~)",301,M,,202608,소비자동향조사
DT_511Y003,"기대인플레이션율(전국, 월)",301,M,,202608,소비자동향조사
DT_511Y004,"소비자동향조사(지역, 월)",301,M,,202608,소비자동향조사
DT_512Y001,"업종별 기업경기실사지수, ~2009.8(실적)",301,M,,200907,"기업경기조사 > 업종별 기업경기조사, ~2009.8"
DT_512Y002,"업종별 기업경기실사지수, ~2009.8(전망)",301,M,,200908,"기업경기조사 > 업종별 기업경기조사, ~2009.8"
DT_512Y007,"업종별 기업경기실사지수, 2009.8~(실적)",301,M,,202608,"기업경기조사 > 업종별 기업경기조사, 2009.8 ~"
DT_512Y008,"업종별 기업경기실사지수, 2009.9~(전망)",301,M,,202609,"기업경기조사 > 업종별 기업경기조사, 2009.8 ~"
DT_512Y011,지역별 기업경기실사지수(실적(~2012.12)),301,M,,201212,기업경기조사 > 지역별 기업경기조사
DT_512Y012,지역별 기업경기실사지수(전망(~2013.1)),301,M,,201301,기업경기조사 > 지역별 기업경기조사
DT_512Y013,기업경기조사(실적),301,M,,202608,기업경기조사 > 기업경기조사
DT_512Y014,기업경기조사(전망),301,M,,202609,기업경기조사 > 기업경기조사
DT_512Y015,기업경기조사(매출액가중 실적),301,M,,202608,기업경기조사 > 기업경기조사
DT_512Y016,기업경기조사(매출액가중 전망),301,M,,202609,기업경기조사 > 기업경기조사
DT_512Y017,기업경기실사지수((구)실적(~2012.6)),301,M,,201206,기업경기조사 > 기업경기조사
DT_512Y018,기업경기실사지수((구)전망(~2012.7)),301,M,,201207,기업경기조사 > 기업경기조사
DT_512Y019,지역별 기업경기조사(실적(2013.1~)),301,M,,202608,기업경기조사 > 지역별 기업경기조사
DT_512Y020,지역별 기업경기조사(전망(2013.2~)),301,M,,202609,기업경기조사 > 지역별 기업경기조사
DT_512Y021,경영애로사항,301,M,,202608,기업경기조사 > 경영애로사항
DT_513Y001,경제심리지수,301,M,,202608,경제심리지수
DT_514Y001,대출행태서베이(대출태도),301,Q,,202603,금융기관대출행태조사
DT_514Y002,대출행태서베이(신용위험),301,Q,,202603,금융기관대출행태조사
DT_514Y003,대출행태서베이(대출수요),301,Q,,202603,금융기관대출행태조사
DT_601Y003,신용카드,301,M,,202606,지급결제통계
DT_602Y001,결제시스템별 통계,301,M,,202607,지급결제통계 > BIS기준통계
DT_602Y002,지급수단별 통계,301,M,,202606,지급결제통계 > BIS기준통계
DT_603Y001,한은금융망결제통계표,301,M,,202608,지급결제통계 > 회계시스템통계
DT_603Y010,지급결제동향,301,M,,202608,지급결제통계 > 회계시스템통계
DT_604Y003,지로시스템,301,M,,202607,지급결제통계
DT_605Y012,금융공동망,301,M,,202607,지급결제통계
DT_606Y002,한은금융망,301,M,,202608,지급결제통계
DT_633Y002,전자지급결제대행,301,Q,,202601,지급결제통계 > 전자지급서비스
DT_633Y003,결제대금예치,301,Q,,202601,지급결제통계 > 전자지급서비스
DT_633Y004,선불전자지급수단,301,Q,,202601,지급결제통계 > 전자지급서비스
DT_633Y005,전자고지결제,301,Q,,202601,지급결제통계 > 전자지급서비스
DT_633Y006,직불전자지급수단,301,Q,,202601,지급결제통계 > 전자지급서비스
DT_641Y001,한국은행 원화대출금,301,M,,202608,통화금융통계 > 한국은행 주요계정 및 기준금리
DT_801Y002,어음교환 및 부도,301,M,,202607,지급결제통계
DT_801Y003,지역별 어음부도율,301,M,,202607,지급결제통계
